,params,names
0,0.04876200657888505,J
1,0.25577512040264017,m
2,0.08868507357869222,dy
3,0.0207971806237164,dx
4,0.3578151261152145,vt
5,0.031177592111752105,tau_f
6,-0.11322530785321677,tau_d
