,params,names
0,0.04914830792783059,J
1,0.47426441550449755,m
2,0.04856599995887999,dy
3,0.007921400008340136,dx
4,0.2850153620588755,vt
5,0.02622587046565122,tau_f
6,-0.09551579889787694,tau_d
